"","Language","Slope1","Slope2","Slope3","Slope4","Slope5"
"1","“test”","0","0","0","0","0"
"2","Alemannic","0.0095968226869313","0.000832829953103154","-0.000891391639321043","-0.000938174513210932","0.0181564527643213"
